library,duration (s)
dask,254.5405774116516
duckdb,4.029454708099365
polars,21.239551544189453
spark,39.35030198097229
vaex,32.78077745437622
