Library,Time (s),multiple
dask* (slightly optimized),11.725253820419312,5.416939032107234
dask_sql,15.683753967285156,7.245722807927704
duckdb,2.16455340385437,1.0
polars,3.482872486114502,1.6090489982426082
spark,10.895400285720825,5.03355577474764
vaex,22.58011507987976,10.431766220076563
