Library,Time (s),multiple
dask_sql,16.145472764968872,7.445934935749845
duckdb,2.168360710144043,1.0
polars,3.5379786491394043,1.6316375004343158
spark,10.843884706497192,5.000959783013611
vaex,22.44853186607361,10.352766382942978
