Library,Time (s),multiple
dask_sql,16.376160144805908,7.47588925208993
duckdb,2.1905300617218018,1.0
polars,18.173839330673218,8.29654869761897
spark,34.79185700416565,15.882848453957546
vaex,24.00640869140625,10.959177922688136
