Library,Time (s),multiple
dask_sql,16.0520761013031,7.433759749266946
duckdb,2.159348249435425,1.0
polars,17.405202388763428,8.06039618357721
spark,32.769065141677856,15.175442474480684
vaex,22.43813967704773,10.391163020098459
